date,url,content
2023-03-30 21:28:49+00:00,https://twitter.com/netblocks/status/1641553088833093632,"â„¹ï¸ Confirmed: Metrics show a decline in internet connectivity in occupied #Luhansk, Ukraine amid emergency power shutdowns due to snowfall and adverse weather conditions  ğŸŒ¨ï¸ğŸ“‰ https://t.co/5VDDgm9W6W"
2023-03-10 14:49:51+00:00,https://twitter.com/netblocks/status/1634204926321500168,"â„¹ï¸ Update: Internet service in #Kharkiv, Ukraine remains cut after a missile attack by Russia yesterday. Metrics show regional connectivity at 37% of ordinary levels; due to equipment damage hourly blackout schedules are in place per authorities ğŸ“‰ https://t.co/vVFcjb6vrr"
2023-03-09 07:45:36+00:00,https://twitter.com/netblocks/status/1633735772397350912,"âš ï¸ Confirmed: Metrics show significant reductions in internet connectivity in multiple regions of #Ukraine after widespread Russian missile attacks this morning, largely attributed to emergency power shutdowns followed by a swift recovery.

ğŸ“° Background: https://t.co/S0qJQ7CbNv https://t.co/zEHfZEfyUf"
2023-02-27 12:55:08+00:00,https://twitter.com/netblocks/status/1630189793047896067,"âš ï¸ Confirmed: Live network data show a significant decline in connectivity in Odesa, #Ukraine corresponding to emergency power shutdowns instated by authorities due to an energy consumption overload ğŸ“‰ https://t.co/5hNwsteoqq"
2023-02-10 09:45:24+00:00,https://twitter.com/netblocks/status/1623981448284733440,"âš ï¸ Confirmed: A series of attacks on #Ukraine today combining cruise missiles, S300s and drones by Russia have impacted energy and internet infrastructure, alongside emergency shutdowns; metrics show localized reductions in connectivity ğŸ“‰

ğŸ“° Background: https://t.co/S0qJQ7CbNv https://t.co/iB3Wh82ZdT"
2023-01-26 10:59:13+00:00,https://twitter.com/netblocks/status/1618564210052698114,"âš ï¸ Confirmed: Live metrics show a decline to internet connectivity in Odesa, southern #Ukraine, amid power cuts following new Russian missile strikes; the incident comes just as UNESCO places Odesa on its protected World Heritage List

ğŸ“° Background: https://t.co/S0qJQ7CJD3 https://t.co/KC93tZWgM4"
2023-01-14 15:23:48+00:00,https://twitter.com/netblocks/status/1614282137443647488,"âš ï¸ Confirmed: Live network data show a significant decline in connectivity in Kharkiv, #Ukraine amid new Russian missile attacks also targeting Kyiv, Lviv, Dnipro and other cities; emergency power shutdowns are instated per authorities ğŸ“‰

ğŸ“° Background: https://t.co/S0qJQ7CbNv https://t.co/lAr6Aje9i2"
2022-12-31 16:15:28+00:00,https://twitter.com/netblocks/status/1609221709378248704,"âš ï¸ Confirmed: Network data show that connectivity, and by proxy energy supply, have declined in multiple regions of #Ukraine as Russian missiles strike cities including Kyiv, with new emergency blackouts in place on New Yearâ€™s Eve âš¡ğŸ“‰

ğŸ“° Background: https://t.co/S0qJQ7CbNv https://t.co/nih3A0GjWc"
2022-12-29 13:30:24+00:00,https://twitter.com/netblocks/status/1608455396053721088,"âš ï¸ Confirmed: Metrics show a decline in connectivity in multiple regions of #Ukraine amid a major Russian missile attack impacting energy infrastructure; 69 missiles tracked today, emergency power shutdowns instated per authorities ğŸ“‰

ğŸ“° Background: https://t.co/S0qJQ7CbNv https://t.co/BG3KrAM5rr"
2022-12-20 19:27:22+00:00,https://twitter.com/netblocks/status/1605283739063537667,"âš ï¸ Update: Internet connectivity and power supply remain significantly diminished in and around #Kyiv, #Ukraine after 'kamikaze' UAV attacks by Russia on 19 Dec. targeting energy infrastructure; authorities report capacity down to 50% âš¡ï¸ğŸ“‰

ğŸ“° Background: https://t.co/S0qJQ7CbNv https://t.co/mcKwEYTnzM"
2022-12-19 18:24:19+00:00,https://twitter.com/netblocks/status/1604905483705393152,"ğŸ“• Russiaâ€™s Wartime Cyber Operations in #Ukraine: Military Impacts, Influences, and Implications

ğŸ–Š @JonKBateman of @CarnegieEndow explores the intersection of cyber and kinetic attacks on critical infrastructure using network telemetry as a key indicator
https://t.co/ftIa8G1FXL"
2022-12-19 16:48:07+00:00,https://twitter.com/netblocks/status/1604881271896674304,"âš ï¸ Confirmed: Metrics show a decline in connectivity, and by proxy energy supply, in and around #Kiev, #Ukraine, following reported overnight Russian 'kamikaze' UAV drone attacks targeting civilian critical infrastructure ğŸ“‰

ğŸ“° Background: https://t.co/S0qJQ7kAoV https://t.co/Uhtr1JceVM"
2022-12-16 13:12:13+00:00,https://twitter.com/netblocks/status/1603739776938655744,"âš ï¸ Confirmed: Network data show a significant disruption to internet connectivity in #Ukraine corresponding to power cuts amid new Russian missile attacks targeting critical infrastructure; national connectivity is at 68% of previous levels

ğŸ“° Background: https://t.co/S0qJQ7CbNv https://t.co/qInNaktOs8"
2022-12-05 13:12:16+00:00,https://twitter.com/netblocks/status/1599753524233048064,"âš ï¸ Confirmed: Metrics show that #Ukraine's connectivity has been impacted in multiple regions amid new Russian missile attacks on Monday morning, with authorities also implementing emergency shutdowns to relieve the grid ğŸ“‰

ğŸ“° Background: https://t.co/S0qJQ7CbNv https://t.co/K1wr5x18Ju"
2022-11-25 17:04:26+00:00,https://twitter.com/netblocks/status/1596188070856085504,"â„¹ï¸ Update: Internet connectivity levels are rising in #Ukraine, corroborating Ukrenergo's statements on works to repair key infrastructure.

However, networks remain degraded after Russia's targeting of energy supply, with much of Kyiv under blackout.

ğŸ“° https://t.co/S0qJQ7CbNv https://t.co/ql3Zwsa7eC"
2022-11-23 15:09:06+00:00,https://twitter.com/netblocks/status/1595434272164577280,"âš ï¸ Update: Metrics show that the ongoing Russian missile attack on #Ukraine's energy infrastructure has impacted most regions, with remaining active nuclear power plants Khmelnytskyi, Rivne and South Ukraine disconnected from the grid amid shelling and emergency shutdowns ğŸ“‰ https://t.co/Xk1mtknWHP"
2022-11-23 14:39:19+00:00,https://twitter.com/netblocks/status/1595426777379356673,"âš ï¸ Confirmed: #Ukraine is in the midst of a nation-scale power blackout with high impact to internet access; live metrics show national connectivity now at 35% of previous levels after the second barrage of targeted missile Russian attacks in a week ğŸ“‰

ğŸ“° https://t.co/S0qJQ7CbNv https://t.co/poUONeZDzw"
2022-11-16 15:59:27+00:00,https://twitter.com/netblocks/status/1592910226977476608,"â„¹ï¸ Update: #Ukraine's infrastructure remains significantly degraded after Tuesday's Russian missile strikes targeting energy production and transmission sites; metrics show national connectivity at 79% of previous levels with some restoration evident.

ğŸ“° https://t.co/S0qJQ7kAoV https://t.co/xXR52rBqRR"
2022-11-15 15:51:32+00:00,https://twitter.com/netblocks/status/1592545845022691333,"âš ï¸ Confirmed: Real-time network data show a major disruption to internet connectivity in #Moldova attributed to power cuts; the incident has been caused by Russia's missile attack on Ukraine, per the Deputy PM of Moldova ğŸ“‰

ğŸ“° Report: https://t.co/S0qJQ7CJD3 https://t.co/TP6kEPBFsq"
2022-11-15 15:32:07+00:00,https://twitter.com/netblocks/status/1592540961443299329,"âš ï¸ Confirmed: #Ukraine is currently experiencing a major internet disruption; live metrics show national connectivity at 67% of previous levels; the incident comes amid reports of one of the most intense Russian missile attacks to date ğŸ“‰

ğŸ“° Background: https://t.co/S0qJQ7CbNv https://t.co/XE4w2o1Uzp"
2022-11-11 17:07:42+00:00,https://twitter.com/netblocks/status/1591115462783668224,"â„¹ï¸ Note: Metrics show that Internet remains cut in #Kherson, southern #Ukraine, as Ukrainian forces start to liberate occupied region; networks in occupied Kherson had been rerouted via Russian-Crimean operator Miranda Media from May

ğŸ“° Background: https://t.co/S0qJQ7CJD3 https://t.co/5LWn6dtfk0"
2022-11-03 23:12:27+00:00,https://twitter.com/netblocks/status/1588308153510264832,"âš ï¸ Confirmed: Metrics show disruptions to connectivity in and around #Zaporizhzhya Nuclear Power Plant, #Ukraine, after Russian shelling.

ZNPP is now fully disconnected from the grid requiring failover to diesel generators per Energoatom.

ğŸ“° Previously: https://t.co/h7QnPQm2RD https://t.co/BzAtSe15uE"
2022-10-31 14:40:27+00:00,https://twitter.com/netblocks/status/1587092137786708005,"âš ï¸ Confirmed: Network data show a significant impact to connectivity in #Ukraine after new Russian missile attacks today targeting energy infrastructure; authorities have altered scheduled blackouts to cope with decline in capacity âš¡ï¸ğŸ“‰

ğŸ“° Background: https://t.co/S0qJQ7CbNv https://t.co/4CX2sKcD69"
2022-10-30 15:48:16+00:00,https://twitter.com/netblocks/status/1586746816493674496,"â„¹ï¸ Confirmed: Internet connectivity is returning to #Kherson in southern #Ukraine after disconnection on 22 October; the regional provider Skynet (Khersontelecom) remains rerouted to Russia via Russian-Crimean operator Miranda Media ğŸ“ˆ

ğŸ“° Background: https://t.co/S0qJQ7CbNv https://t.co/TjqF7jaSwz"
2022-10-25 11:33:41+00:00,https://twitter.com/netblocks/status/1584870812326191105,"â„¹ï¸ Confirmed: Khmelnytskyi Oblast in west #Ukraine is experiencing an unscheduled power outage, with network data showing regional connectivity at 36% of ordinary levels amid efforts to recover from Russian missile strikes on infrastructure

ğŸ“° Background: https://t.co/S0qJQ7CbNv https://t.co/2W5jwpa2W7"
2022-10-23 16:11:20+00:00,https://twitter.com/netblocks/status/1584215908733837312,"âš ï¸ Update: Metrics show #Kherson in southern Ukraine has been largely offline for over 24 hours; provider Skynet (Khersontelecom) claims equipment was ""transferred"" without notice by the Russian-Crimean operator supplying service since the occupation

ğŸ“° https://t.co/S0qJQ7CJD3 https://t.co/dq3luwTpOb"
2022-10-22 17:16:22+00:00,https://twitter.com/netblocks/status/1583869885171761153,"âš ï¸ Confirmed: Live metrics show that networks in #Kherson, Ukraine, which had been rerouted to Russia via Russian-Crimean internet provider Miranda, have fallen offline; the incident comes as occupying authorities order residents to evacuate ğŸ“‰

ğŸ“° Report: https://t.co/S0qJQ7CJD3 https://t.co/WWgeq8YyzW"
2022-10-22 12:44:22+00:00,https://twitter.com/netblocks/status/1583801433459404800,"âš ï¸ Confirmed: Live network data show internet outages in south #Ukraine corresponding to new Russian missile attacks this morning targeting critical infrastructure; the bombardment of civilian energy utilities has intensified since 10 Oct.

ğŸ“° Background: https://t.co/S0qJQ7CJD3 https://t.co/M832lukdy5"
2022-10-20 12:33:42+00:00,https://twitter.com/netblocks/status/1583073975734652929,"â„¹ï¸ Update: Metrics show that Ukraine's Ukrenergo is continuing its schedule of rolling power cuts with a second disruption registered in Kyiv Oblast; each cut, no longer than four hours, is intended to relieve pressure on the grid after Russian attacks on key infrastructure âš¡ï¸ğŸ“‰ https://t.co/hDZbnwaTwJ"
2022-10-19 22:38:45+00:00,https://twitter.com/netblocks/status/1582863852273692673,"â„¹ï¸ Confirmed: Metrics show that Ukraine's energy company Ukrenergo has implemented the first of a schedule of rolling power blackouts in Kyiv Oblast, with network connectivity falling to 81% of ordinary levels in Kyiv City; the measure follows Russian attacks on infrastructure ğŸ•¯ï¸ https://t.co/4d3bTrXDl2"
2022-10-18 12:25:51+00:00,https://twitter.com/netblocks/status/1582347224679268353,"âš ï¸ Confirmed: Metrics show internet disrupted in multiple regions of #Ukraine amid reports of Russian missile attacks targeting energy infrastructure; live network data indicate high impact to #Zhytomyr, with #Kyiv and #Dnipro also affected

ğŸ“° Background: https://t.co/S0qJQ7kAoV https://t.co/5zTdSW75j4"
2022-10-17 23:43:48+00:00,https://twitter.com/netblocks/status/1582155448484237314,"âš ï¸ Confirmed: Live metrics show a collapse of internet service in #Mykolaiv Oblast, southern #Ukraine, amid reports of power cuts due to heavy Russian shelling; network data indicate connectivity has fallen to 28% of ordinary levels âš¡ï¸ğŸ“‰

ğŸ“° Background: https://t.co/S0qJQ7CJD3 https://t.co/bPoEhdeYWV"
2022-10-12 07:26:13+00:00,https://twitter.com/netblocks/status/1580097493026865152,"Despite Russian missile attacks that knocked out connectivity in several cities on Monday, #Ukraine's critical infrastructure and decentralised internet topology are proving resilient, metrics show.

ğŸ™ @atoker with @billt and @garethm for @BBCWorldService
https://t.co/Rpvp3gvo6J"
2022-10-11 09:22:33+00:00,https://twitter.com/netblocks/status/1579764378382921728,"â„¹ï¸ Update: Network data show that #Ukraine has rapidly recovered after a series of Russian missile strikes targeting multiple cities, knocking out power and telecoms infrastructure; national connectivity is back up to 96% of ordinary levels

ğŸ“° Background: https://t.co/S0qJQ7kAoV https://t.co/Uehklfyde0"
2022-10-10 10:49:39+00:00,https://twitter.com/netblocks/status/1579423913226141696,"âš ï¸ Update: Network data show major sustained impacts to infrastructure across much of #Ukraine after a series of reprisal attacks by Russia; energy facilities have been targeted per President's office âš¡ï¸

ğŸ“° Report: https://t.co/S0qJQ7CJD3 https://t.co/kp93hav9xD"
2022-10-10 08:24:34+00:00,https://twitter.com/netblocks/status/1579387401604321283,"âš ï¸ Update: Live network data show significant disruptions to internet access in #Ukraine amid a series of Russian attacks targeting multiple regions of the country; metrics indicate national connectivity now at 83% of ordinary levels ğŸ“‰

ğŸ“° Background: https://t.co/S0qJQ7CJD3 https://t.co/uWALaG3ptp"
2022-10-10 07:16:00+00:00,https://twitter.com/netblocks/status/1579370144148905984,"âš ï¸ Confirmed: Real-time network data show internet disruptions in multiple regions of #Ukraine, attributed to power cuts amid new Russian attacks targeting Kyiv and other cities; incident understood to be reprisal for #CrimeanBridge attack

ğŸ“° Background: https://t.co/S0qJQ7CJD3 https://t.co/GNQ4zQ46Ks"
2022-09-27 22:12:45+00:00,https://twitter.com/netblocks/status/1574884777508872212,"âš ï¸ Confirmed: Real-time network data show a disruption to internet service in #Kharkiv, northeast #Ukraine; the incident comes amid reports of a weapons strike on power infrastructure with some parts of the city left in darkness ğŸ“‰

ğŸ“° Background: https://t.co/S0qJQ7CbNv https://t.co/zr6Kq6EMo4"
2022-09-12 11:39:56+00:00,https://twitter.com/netblocks/status/1569289704847310848,"âš ï¸ Confirmed: Real-time network data corroborate reports of a second power blackout in Kharkiv Oblast, eastern #Ukraine amid renewed shelling targeting critical infrastructure; the incident follows the loss of power on Sunday when Russian forces targeted the TEC-5 power plant ğŸ“‰ https://t.co/v45F17QVOT"
2022-09-11 18:41:25+00:00,https://twitter.com/netblocks/status/1569033385565093893,"âš ï¸ Confirmed: Real-time network data show a major internet disruption in #Kharkiv Oblast, Ukraine; the incident is attributed to a Russian strike on TEC-5 thermal power plant as Ukrainian forces recover Russian-occupied territory ğŸ“‰

ğŸ“° Background: https://t.co/S0qJQ7CbNv https://t.co/5sXDAwjbS7"
2022-08-25 14:15:20+00:00,https://twitter.com/netblocks/status/1562805830801838082,"âš ï¸ Confirmed: Metrics show a major disruption to communications at #Zaporizhzhya nuclear power plant, #Ukraine, amid Russian hostilities.

The NPP has been completely disconnected from the grid for the first time in history per Energoatom.

ğŸ“° Background: https://t.co/2L7yAznx6a https://t.co/d7AGIc3Hf3"
2022-08-24 13:04:10+00:00,https://twitter.com/netblocks/status/1562425536122867715,"Explainer: How #Ukraine's internet was rerouted, the bombing TV towers and a deepfake Zelenskyy - six months of Russia's information war

ğŸ–Šï¸ @Jack_P_Taylor, @sanyaburgess, @victoriaelms and the forensics team write for Sky News

ğŸ“° https://t.co/57tC4yaCvz https://t.co/PORnApx4Ak"
2022-08-23 16:06:00+00:00,https://twitter.com/netblocks/status/1562108906788249602,"Decentralization, the secret of #Ukraine's resilience:

A quarter of Ukraine's internet connectivity has been damaged or disrupted, yet Russia may be incapable of shutting down an entire country.

ğŸ–Šï¸ @marilink writes for @newtral [ES]
https://t.co/arNCjjtUmi"
2022-08-22 22:06:46+00:00,https://twitter.com/netblocks/status/1561837308046884866,"â„¹ï¸ Note: Internet provider Bilink which serves Kyiv, #Ukraine is experiencing an extended outage; the company reports unspecified complications at the network core https://t.co/G2AnOcI7n1"
2022-08-14 20:49:04+00:00,https://twitter.com/netblocks/status/1558918652304539648,"âš ï¸ Confirmed: Real-time network data show a total loss of connectivity on internet provider INTTEL in Bakhmut, Donetsk Oblast, in eastern #Ukraine; the incident comes amid reports of heavy Russian shelling and the outbreak of fires ğŸ“‰

ğŸ“° Background: https://t.co/S0qJQ7CbNv https://t.co/vQABqpZ9ua"
2022-08-10 21:23:04+00:00,https://twitter.com/netblocks/status/1557477655133540352,"â„¹ï¸ Confirmed: #Russia has restricted access to the Patreon membership platform, the latest in a series of widening measures implemented by regulator Roskomnadzor after the invasion of Ukraine.

ğŸ“° Previously: https://t.co/PzFZ662LyN https://t.co/3ogqLvBg0u"
2022-07-27 20:17:27+00:00,https://twitter.com/netblocks/status/1552387712107298819,"âš ï¸ Confirmed: Real-time network data show a major, sustained disruption to internet connectivity in Bakhmut, Ukraine, as reports emerge of a widespread power outage amid Russian shelling 

ğŸ“° Background: https://t.co/S0qJQ7CbNv https://t.co/RXKoCqh270"
2022-07-26 15:00:25+00:00,https://twitter.com/netblocks/status/1551945543483531267,"â„¹ï¸ Confirmed: An internet disruption has been registered in Kherson Oblast, #Ukraine, with connectivity recovering after a fall to 67% of previously observed levels. Telcos state the outage is linked to hostilities, while regional council head Samoilenko fears Russian involvement https://t.co/wUcSEg9YFp"
2022-07-19 14:51:35+00:00,https://twitter.com/netblocks/status/1549406601555189761,"From Ukraineâ€™s largely uncensored, decentralized web, residents are being forced into a system centrally governed by Russia.

ğŸ–Š @Masho___o writes for @CodaStory on the rerouting of Ukraine's internet.
https://t.co/g9taGNYRiT"
2022-07-06 19:48:32+00:00,https://twitter.com/netblocks/status/1544770291829710848,"In much of Kherson oblast, southern Ukraine, all digital roads now lead to Moscow: The Internet is being diverted towards Russia and is subject to Kremlin censorship.

Today, press freedom NGO @RSF_inter calls for the liberation of Ukraineâ€™s Internet.

ğŸ“° https://t.co/Zt8qicg9Im"
2022-06-11 15:14:09+00:00,https://twitter.com/netblocks/status/1535641544895696897,"âš ï¸ Confirmed: Metrics show a fall in connectivity due to power cuts amid hostilities in the free Donetsk region, eastern #Ukraine; Russian shelling has damaged power lines leading to the shutdown of Ukrenergo substations per authorities âš¡

ğŸ“° Background: https://t.co/S0qJQ7CbNv https://t.co/DzQSm6v4BK"
2022-06-08 12:24:34+00:00,https://twitter.com/netblocks/status/1534511702787629056,"In areas of Ukraine under Russian occupation, internet access has often been disrupted.

Now, a new trend is emerging: As service comes back online, traffic is being rerouted to networks owned by Russia.

ğŸ–‹@rj_gallagher writes for the Bloomberg Newsletter
https://t.co/QL1KfxFJcA"
2022-05-30 16:01:52+00:00,https://twitter.com/netblocks/status/1531304896535875584,"âš ï¸ Confirmed: Internet connectivity has been disrupted across occupied #Kherson in southern Ukraine; the incident affects multiple internet service providers and comes as Ukraine launches a counter-offensive against Russian occupation.

ğŸ“° Background: https://t.co/S0qJQ7CbNv https://t.co/cWQFjrPuRw"
2022-05-29 12:11:35+00:00,https://twitter.com/netblocks/status/1530884559016951808,"âš ï¸ Confirmed: Real-time network data show a significant fall in connectivity due to power outages amid hostilities in Donbas, eastern #Ukraine; Kramatorsk is now reconnected via backup power per the mayor, while other cities remain cut off.

ğŸ“° Background: https://t.co/S0qJQ7CbNv https://t.co/lL0VtfygcR"
2022-05-13 00:10:25+00:00,https://twitter.com/netblocks/status/1524904864706449419,"âš ï¸ Confirmed: A severe thunderstorm has knocked out power and internet service on multiple providers in Shostka, Sumy, northeast Ukraine, with the disruption also impacting parts of Kyiv Oblast; incident ongoing ğŸŒ€âš¡ https://t.co/tJqchi93Ao"
2022-05-10 12:15:09+00:00,https://twitter.com/netblocks/status/1524000086455431174,"â„¹ï¸ Februaryâ€™s cyberattack on the Viasat KA-SAT satellite internet network has been attributed to Russia by the European Union; the incident knocked out critical infrastructure at the onset of the invasion of Ukraine

ğŸ“° https://t.co/kJ6A7Xniaw"
2022-05-04 10:54:17+00:00,https://twitter.com/netblocks/status/1521805409006333954,"â„¹ï¸ Update: Network data show internet connectivity is returning to Kherson, south Ukraine, across multiple providers; Vice PM Fedorov has praised the outstanding work of authorities and telcos in regaining access in the occupied region ğŸ“ˆ

ğŸ“° Background: https://t.co/S0qJQ7CbNv https://t.co/YzSkKQySd5"
2022-05-03 18:12:52+00:00,https://twitter.com/netblocks/status/1521553393990483969,"âš ï¸ Confirmed: An internet disruption has been registered in Lviv, western #Ukraine, amid reports of explosions and power outages following a Russian missile strike; real-time network data show connectivity down to 87% of previous levels ğŸ“‰

ğŸ“° Background: https://t.co/S0qJQ7CbNv https://t.co/gsc9ElkWwh"
2022-05-01 21:14:55+00:00,https://twitter.com/netblocks/status/1520874432046239745,"âš ï¸ Confirmed: Metrics indicate that internet connectivity on provider Skynet (Khersontelecom) in Russian-occupied Kherson, south Ukraine, has been partially restored and rerouted via Russia's Rostelecom instead of Ukrainian infrastructure.

ğŸ“° Background: https://t.co/S0qJQ7CbNv https://t.co/WhlSNODuqw"
2022-04-30 17:31:15+00:00,https://twitter.com/netblocks/status/1520455755559747584,"âš ï¸ Confirmed: #Kherson in occupied south Ukraine is now in the midst of a near-total internet blackout; real-time network data show the loss of service on multiple providers as one company says incident is ""unfortunately not an accident"" ğŸ“‰

ğŸ“° Background: https://t.co/S0qJQ7CbNv https://t.co/Yr8t5ng4rX"
2022-04-26 15:32:31+00:00,https://twitter.com/netblocks/status/1518976324370583554,"On the evening of 3 March an internet blackout was registered across Sumy Oblast, northeastern Ukraine, amid a major attack on the #Okhtyrka power plant.

Images showing the extent of the damage are now available as Ukraine makes the site safe.

ğŸ“° Report: https://t.co/S0qJQ7CbNv https://t.co/MjihmAqkk6"
2022-04-23 14:46:57+00:00,https://twitter.com/netblocks/status/1517877692426858496,"âš ï¸ Confirmed: Network data show a collapse in service on #Kharkiv internet provider Maxnet in northeast #Ukraine, with connectivity levels flatlining as the operator reports combat damage to the city's power infrastructure.

ğŸ“° Background: https://t.co/S0qJQ7CbNv https://t.co/L8YOs87mIE"
2022-04-22 19:16:48+00:00,https://twitter.com/netblocks/status/1517583215522947073,"âš ï¸ Confirmed: Network data show a disruption to internet connectivity in #Kharkiv, northeast Ukraine, attributed to a loss of service on Maxnet; the incident comes as the provider reports damage to equipment sustained from combat activity.

ğŸ“° Background: https://t.co/S0qJQ7CbNv https://t.co/aajowBtXFH"
2022-04-20 17:38:50+00:00,https://twitter.com/netblocks/status/1516833785467351042,"â„¹ï¸Confirmed: Network data show a brief but significant collapse in connectivity on the largest internet provider of #Cherkasy Oblast, #Ukraine on Wednesday evening; Operator Mclaut reports a denial of service cyberattack the second time this month affecting internet services ğŸ“‰ğŸ“ˆ https://t.co/fMrcOZqoiz"
2022-04-19 15:06:02+00:00,https://twitter.com/netblocks/status/1516432944998588425,"âš ï¸ Confirmed: Network data show that the website of Human Rights Watch is now unreachable on multiple providers in #Russia, after a partial ban issued by the Prosecutor General's Office understood to relate to civilian deaths in Ukraine.

ğŸ“° Background: https://t.co/PzFZ662LyN https://t.co/Qf054FK9RO"
2022-04-17 12:55:06+00:00,https://twitter.com/netblocks/status/1515675218811006985,"âš ï¸ Confirmed: Metrics show a multi-hour internet outage in the city of #Brovary near Kyiv, Ukraine, amid reports of Russian missile strikes earlier this morning; mayor says water and energy infrastructure has been targeted.

ğŸ“° Background: https://t.co/S0qJQ7CbNv https://t.co/2xNhVm3X8L"
2022-04-15 14:31:02+00:00,https://twitter.com/netblocks/status/1514974585833275395,"â„¹ï¸ Update: Internet access remains impacted more than 16 hours after an attack on #Vyshneve, Kyiv Oblast, Ukraine, resulted in power outages; live network data show connectivity starting to recover after regional levels fell to 85%

ğŸ“° Background: https://t.co/S0qJQ7CbNv https://t.co/qhQ5ueYUGF"
2022-04-15 02:33:31+00:00,https://twitter.com/netblocks/status/1514794014419025932,"âš ï¸Confirmed: A power outage has knocked out internet connectivity across Kyiv Oblast including #Vyshneve after explosions reported in Kyiv, Ukraine tonight; real-time metrics show national connectivity falling to 85% of ordinary levels from ~1:30 a.m. local time; incident ongoing https://t.co/zmjoVJeAtg"
2022-04-13 13:32:28+00:00,https://twitter.com/netblocks/status/1514235071686926341,"âš ï¸ Confirmed: Real-time network data show a collapse of connectivity in #Cherkasy Oblast, #Ukraine, due to the loss of service on McLaut, the region's largest internet provider; the operator reports a DDOS attack on its infrastructure.

ğŸ“° Background: https://t.co/S0qJQ7CbNv https://t.co/ygpMjVWOOL"
2022-04-06 15:00:14+00:00,https://twitter.com/netblocks/status/1511720444105310221,"ğŸ“° Hackers took down #Ukraine's national internet provider Ukrtelecom by stealing credentials from an employee in a territory recently occupied by Russia, then compromising and gaining access to the ISP's network.

ğŸ–‹ @SebMoss writes for @dcdnews
https://t.co/n2YV74v9ep"
2022-04-06 14:02:08+00:00,https://twitter.com/netblocks/status/1511705822988058629,"âš ï¸ Confirmed: Network data show that the website of Human Rights Watch is now unreachable on multiple providers in #Belarus, following a ban issued by order of the prosecutor of Minsk.

The incident marks an escalation in online censorship since Russia's invasion of Ukraine. https://t.co/PfDCHna4mQ"
2022-04-02 17:42:45+00:00,https://twitter.com/netblocks/status/1510311791422808070,"âš ï¸ Confirmed: Network data show a sustained collapse in connectivity across multiple internet providers in #Lozova, Kharkiv Oblast, Ukraine, as Russian bombardment knocks out power and damages infrastructure per the city's mayor #Ğ›Ğ¾Ğ·Ğ¾Ğ²Ğ°

ğŸ“° Background: https://t.co/S0qJQ7CbNv https://t.co/UIjU0QHsQI"
2022-04-01 16:51:08+00:00,https://twitter.com/netblocks/status/1509936412308684804,"Meet the frontline workers keeping the internet online in Ukraine ğŸŒ

ğŸ–‹ @daryna_antoniuk writes for @TheRecord_Media
https://t.co/mW8mZWC7P8"
2022-04-01 11:46:24+00:00,https://twitter.com/netblocks/status/1509859721121079298,"â„¹ï¸ Note: Leading internet provider Kyivstar in Ukraine has cut off many of its subscribers with unpaid bills outside active combat areas as of 1 April. The company cites the need for payment to repair war-ravaged infrastructure and pay tax.

ğŸ“° Background: https://t.co/S0qJQ7CbNv https://t.co/6d8MpfHzrH"
2022-03-30 18:54:35+00:00,https://twitter.com/netblocks/status/1509242703380365321,"â„¹ï¸ Update: Viasat has published an incident report on a ""multifaceted and deliberate cyber-attack"" on 24 Feb targeting the KA-SAT satellite network operated by Eutelsat subsidiary Skylogic in Europe. The attack was observed as Russia invaded Ukraine ğŸ›°

ğŸ“° https://t.co/ExD9NvUW67"
2022-03-30 14:53:53+00:00,https://twitter.com/netblocks/status/1509182129195868162,"âš ï¸ Confirmed: A significant disruption to internet connectivity has been registered in #Chernihiv, northern Ukraine; the incident comes amid intense Russian bombardment despite talk of a reduction in military operations targeting the region

ğŸ“° Background: https://t.co/S0qJQ7CbNv https://t.co/wHBUcV0Q2f"
2022-03-28 23:36:43+00:00,https://twitter.com/netblocks/status/1508588929758502914,"â„¹ï¸ Update: Internet connectivity is being restored on Ukraine's national provider Ukrtelecom some 15 hours after users started falling offline amid a cyberattack. The company's engineers say they have successfully mitigated the attack.

ğŸ“° Report: https://t.co/tcZz71R6Y6 https://t.co/HcwzsK3WWu"
2022-03-28 15:25:49+00:00,https://twitter.com/netblocks/status/1508465391244304389,"âš ï¸ Update: Ukraine's national internet provider Ukrtelecom has confirmed a cyberattack on its core infrastructure.

Real-time network data show an ongoing and intensifying nation-scale disruption to service, which is the most severe registered since the invasion by Russia."
2022-03-28 14:38:37+00:00,https://twitter.com/netblocks/status/1508453511176065033,"âš ï¸ Confirmed: A major internet disruption has been registered across #Ukraine on national provider #Ukrtelecom; real-time network data show connectivity collapsing to 13% of pre-war levels; the provider reports issues assigning new sessions

ğŸ“° Background: https://t.co/S0qJQ7CbNv https://t.co/BY2OOBK0m6"
2022-03-26 15:48:08+00:00,https://twitter.com/netblocks/status/1507746229962346497,"âš ï¸ Confirmed: Real-time network data show a significant drop in connectivity on internet provider Komitex in Lviv, western #Ukraine. The incident comes amid reports of multiple explosions and billowing smoke rising into the sky.

ğŸ“° Background: https://t.co/S0qJQ7CbNv https://t.co/Y8SExS6ZsW"
2022-03-24 23:37:09+00:00,https://twitter.com/netblocks/status/1507139485317926917,"âš ï¸ Confirmed: Real-time network data show a collapse in connectivity on multiple internet providers in #Sumy Oblast, northeastern #Ukraine, corroborating user reports of telecoms outages across various cities in the region.

ğŸ“° Background: https://t.co/S0qJQ7CbNv https://t.co/NoTi7gOOxV"
2022-03-23 21:29:08+00:00,https://twitter.com/netblocks/status/1506744880437108746,"âš ï¸ Confirmed: A significant disruption has been registered on #Ukraine's national internet provider #Ukrtelecom; live network data show ISP connectivity now at 69% of pre-war levels; operator attributes disruption to fiber optic damage ğŸ“‰

ğŸ“° Background: https://t.co/S0qJQ7CbNv https://t.co/2OnBbvujXJ"
2022-03-20 14:22:05+00:00,https://twitter.com/netblocks/status/1505550245912006659,"âš ï¸ Confirmed: Internet connectivity on provider Volia in #Kherson in south Ukraine has collapsed; real-time metrics show connectivity at 2% of pre-war levels; provider reports outages due to power cuts, which come amid anti-occupation protests #Ğ¥ĞµÑ€ÑĞ¾ÌĞ½

ğŸ“° https://t.co/S0qJQ7CbNv https://t.co/K5NqsJxmga"
2022-03-19 22:21:42+00:00,https://twitter.com/netblocks/status/1505308560477073409,"âš ï¸ Confirmed: A collapse of connectivity has been observed on internet provider Skyline in #Kharkiv, Ukraine; the company says that the server which issues IP addresses is down due to a power cut, and subscribers should not restart devices.

ğŸ“° Background: https://t.co/S0qJQ7CbNv https://t.co/v2JZYqsPjb"
2022-03-19 21:43:03+00:00,https://twitter.com/netblocks/status/1505298830765481985,"ğŸ“¹ ICYMI: On 6 and 11 March, Russian forces targeted the Kharkiv Institute of Physics and Technology in #Ukraine.

â¡ï¸ https://t.co/tWQKdNgUwH

Incidents at the facility were tracked remotely in real time, while this footage from @maria_avdv shows the human cost of the hostilities https://t.co/qqtWqej7Eg"
2022-03-18 16:09:25+00:00,https://twitter.com/netblocks/status/1504852481695703043,"ğŸ“° The FBI and CISA have issued warnings over threats to satellite comms networks as the NSA investigates the Viasat Europe outage. Metrics indicate the incident began on the morning of 24 February as Russia invaded Ukraine.

ğŸ–‹ @LiamT writes for @ZDNet
â¡ï¸ https://t.co/oWqyYZFzoh"
2022-03-17 17:52:20+00:00,https://twitter.com/netblocks/status/1504515993862819848,"â„¹ï¸ #Ukraine's internet access has been falling: Metrics now show observable connectivity at 77% of ordinary levels.

This live report tracks national and regional disruptions due to cyber/kinetic military attacks, and damage to critical infrastructure.

â¡ï¸ https://t.co/S0qJQ7CbNv https://t.co/chOO535AKC"
2022-03-16 19:43:45+00:00,https://twitter.com/netblocks/status/1504181646651760640,"We believe that private internet service providers in #Ukraine may benefit from a government connectivity subsidy for the duration of the war cc. @ZelenskyyUa 

It's difficult for companies to keep the public connected when subscriber fees don't cover rent, energy or staff wages."
2022-03-16 19:20:57+00:00,https://twitter.com/netblocks/status/1504175910018326528,"â„¹ï¸ Confirmed: Metrics show a sudden drop in connectivity levels on internet provider LocalNet, #Ukraine. Yesterday, the operator said it would ""lock down subscribers with debt on their account"" due to difficulty paying its own bills ğŸ’³ğŸ“‰

ğŸ“° Background: https://t.co/S0qJQ7CbNv https://t.co/uZsFG9pdXU"
2022-03-16 11:49:14+00:00,https://twitter.com/netblocks/status/1504062231293661188,"âš ï¸ Confirmed: Internet provider Uacity in #Ukraine has been partially knocked offline; disruption follows Russian shelling targeting the residential district of Shevchenkivskyi, Kyiv, just hundreds of meters from its listed headquarters ğŸ“‰

ğŸ“° Background: https://t.co/S0qJQ7CbNv https://t.co/KALxBU8gF8"
2022-03-15 22:45:46+00:00,https://twitter.com/netblocks/status/1503865064499163136,"âš ï¸ Confirmed: Network data show a collapse of connectivity in the besieged Black Sea city of #Mykolaiv, southern #Ukraine, corroborating reports of power outages. The city has been holding the line against Russia's advance toward Odesa.

ğŸ“° Background: https://t.co/S0qJQ7CbNv https://t.co/Yjkj6P1tqc"
2022-03-15 17:55:23+00:00,https://twitter.com/netblocks/status/1503791987161505801,"â„¹ï¸ Update: Satellite operator Viasat's KA-SAT network in Europe remains heavily impacted 18 days after it was targeted by an apparent cyberattack, one of several incidents observed as Russia launched its invasion of Ukraine on the morning of 24 Feb ğŸ›°

ğŸ“° https://t.co/S0qJQ7CbNv https://t.co/nLNlquYQF9"
2022-03-15 17:05:39+00:00,https://twitter.com/netblocks/status/1503779472838963206,"ğŸ“° While bombs and hackers batter #Ukraineâ€™s internet providers, â€˜hidden heroesâ€™ are risking their lives to keep their country online

ğŸ–‹ @iblametom writes for @Forbes
https://t.co/kkD0p8CpEY"
2022-03-14 15:08:39+00:00,https://twitter.com/netblocks/status/1503387637398261762,"â„¹ï¸ Update: Despite attempts to reconnect Slavutych / Chernobyl in northwest #Ukraine after the severing of power lines on 9 March, metrics show that the area remains widely cut off amid reports of further damage to infrastructure by Russia.

ğŸ“° Background: https://t.co/2L7yAzmZgC https://t.co/YmLnE4gs6P"
2022-03-13 19:44:48+00:00,https://twitter.com/netblocks/status/1503094748571131908,"âš ï¸ Confirmed: Major internet disruption registered on the Vinasterisk network which serves #Vinnytsia Oblast, western #Ukraine; the operator reports a massive cyberattack with elements of sabotage ğŸ“‰

ğŸ“° Background: https://t.co/S0qJQ7CbNv https://t.co/Zq9ZQdZZDn"
2022-03-12 12:54:36+00:00,https://twitter.com/netblocks/status/1502629130189381640,"â„¹ï¸ Confirmed: The Eurasia website of rights organization #Amnesty International, which hosts a petition to end Russia's aggression against Ukraine, has been restricted in #Russia. The measure follows social media and news site restrictions.

ğŸ“° Background: https://t.co/PzFZ662LyN https://t.co/oNzHv7qnSZ"
2022-03-12 08:04:17+00:00,https://twitter.com/netblocks/status/1502556067653373952,"âš ï¸ Confirmed: Real-time network data show a collapse in connectivity across multiple internet providers in #Sumy, northeastern #Ukraine; incident comes amid reports of a bombardment as humanitarian corridors are established in the region ğŸ“‰

ğŸ“° Background: https://t.co/S0qJQ7CbNv https://t.co/mJfyc51XVi"
2022-03-11 17:07:25+00:00,https://twitter.com/netblocks/status/1502330366467657733,"âš ï¸ Confirmed: Major internet disruption registered in #Chernihiv, northern #Ukraine, amid reports of new air strikes; real-time network data show a collapse in connectivity that is likely to limit coverage of events on the ground ğŸ“‰

ğŸ“° Background: https://t.co/S0qJQ7CbNv https://t.co/e3EFeFCmPu"
2022-03-11 11:37:07+00:00,https://twitter.com/netblocks/status/1502247241058328584,"Columbia Journalism Review: #Russia's information access diminished after Ukraine invasion

â€œThis is going to feel like a return to the 1980s for people who lived in that era because suddenly information is back in the hands of the stateâ€

ğŸ–‹ @mathewi/@CJR
https://t.co/IeU8NIHfBT"
2022-03-11 03:29:56+00:00,https://twitter.com/netblocks/status/1502124636619907072,"âš ï¸Confirmed: The Kharkiv Institute of Physics and Technology in #Ukraine has fallen offline after an attack by Russia. The targeting of the lab which hosts an ADS neutron source is being called an ""act of nuclear terrorism"" by authorities.

ğŸ“° Background: https://t.co/S0qJQ7CbNv https://t.co/LmmJcAd34H"
2022-03-10 20:53:06+00:00,https://twitter.com/netblocks/status/1502024769708998656,"âš ï¸ Update: Network provider Triolan in #Ukraine is heavily impacted by a major outage attributed by the company to a cyberattack; incident is the second such tracked, with the first observed on the morning of 24 February when invasion began

ğŸ“° Background: https://t.co/S0qJQ7CbNv https://t.co/zCbte6A8ch"
2022-03-09 16:08:26+00:00,https://twitter.com/netblocks/status/1501590744267730946,"â„¹ï¸ Update: Casualties are reported from #Mariupol, southeast #Ukraine, after a Russian airstrike hit a hospital. Metrics show the besieged city has been largely cut off from the internet since early March, limiting the flow of information.

ğŸ“° Background: https://t.co/S0qJQ7CbNv https://t.co/BMGA9RKbWa"
2022-03-09 14:15:00+00:00,https://twitter.com/netblocks/status/1501562197348081667,"âš ï¸ Confirmed: Major internet disruption registered across #Kherson Oblast, southern #Ukraine, with high impact to state provider Ukrtelecom and Volia; incident comes amid reports some 400 citizens were detained by Russia's National Guard ğŸ“‰

ğŸ“° Background: https://t.co/S0qJQ7CbNv https://t.co/8KbRz4gdOn"
2022-03-09 13:15:41+00:00,https://twitter.com/netblocks/status/1501547269480456200,"âš ï¸ Confirmed: Real-time network data corroborate reports of a power blackout in the vicinity of #Chernobyl and #Slavutych, #Ukraine. The incident presents a threat to safety at the mothballed Soviet nuclear power plant per authorities #Ğ¡Ğ»Ğ°Ğ²ÑƒÑ‚Ğ¸Ñ‡

ğŸ“° Report: https://t.co/7Yg2BZnmXB https://t.co/mz3KrERJv9"
2022-03-09 11:59:44+00:00,https://twitter.com/netblocks/status/1501528158331453444,"âš ï¸ Update: The 750 kV #Chernobyl-Kyiv high-voltage power line is cut following damage caused by Russia, and the plant cannot cool spent nuclear fuel per #Ukraine's Energoatom.

Remote monitoring links have also been severed:

ğŸ“° https://t.co/VzYBEvfG11
ğŸ“° https://t.co/h7QnPQm2RD"
2022-03-08 20:17:32+00:00,https://twitter.com/netblocks/status/1501291046533279744,"âš ï¸ Update: The International Atomic Energy Agency says remote data transmission from monitoring systems at #Ukraine's mothballed #Chernobyl nuclear plant has been lost. The incident follows a loss of data from #Zaporizhzhia.

ğŸ“° https://t.co/h7QnPQm2RD
ğŸ“° https://t.co/xpBU4PQUpd"
2022-03-08 12:14:19+00:00,https://twitter.com/netblocks/status/1501169440595001353,"ğŸ“° Russian forces were hacked after abandoning their encrypted phone system in #Ukraine per investigative journalism organisation @bellingcat. The incident comes as Russia targets 3G internet towers, with concerns raised over nuclear safety at Zaporizhzhia
https://t.co/jdebEHhzkS"
2022-03-07 13:42:12+00:00,https://twitter.com/netblocks/status/1500829169227341828,"The disconnection of fixed-line internet and some mobile service in and around the #Zaporizhzhia Nuclear Power Plant in #Ukraine is raising concerns over public safety, with radiation levels no longer published and the IAEA unable to monitor.

ğŸ“° Report: https://t.co/h7QnPQm2RD https://t.co/PY9OKVUACc"
2022-03-06 22:55:22+00:00,https://twitter.com/netblocks/status/1500605988759605256,"ğŸ“° SpaceX is sending more #Starlink terminals to #Ukraine per President Zelensky. â€œTalked to Elon Musk. I'm grateful to him for supporting Ukraine with words and deeds.â€

The device lets owners create internet hotspots that donâ€™t rely on domestic links.
https://t.co/kgFXvck5fg"
2022-03-06 16:07:36+00:00,https://twitter.com/netblocks/status/1500503370439835652,"âš ï¸ Confirmed: Network data show a loss a connectivity to the network serving Vodafone in #Energodar, southeast #Ukraine, where users report disruption to mobile services as Russian forces move to occupy #Zaporizhzhia Nuclear Power Plant.

ğŸ“° Background: https://t.co/S0qJQ7CbNv https://t.co/jzumr9lip8"
2022-03-06 14:07:55+00:00,https://twitter.com/netblocks/status/1500473252812148745,"Russia's invasion of #Ukraine has triggered a humanitarian crisis and it's impacting visitors who are cut off due to the targeting of telecoms infrastructure.

ğŸ“° Echoes from #Sumy: The plight of #Nigeria students stuck in Ukraine. Reporting by @TheICIR.
https://t.co/sqNNq1x8yq"
2022-03-05 19:19:23+00:00,https://twitter.com/netblocks/status/1500189246673637378,"âš ï¸ Confirmed: Major disruption registered on #Ukraine's national telecoms operator #Ukrtelecom; provider reports combat damage impacting service to Chernihiv, Sumy, Kherson, Vinnytsia, Zhytomyr, Rivne, Volyn, Khmelnytsia, Lviv, Ternopil ğŸ“‰

ğŸ“° Background: https://t.co/S0qJQ7CbNv https://t.co/HeVD3Jki75"
2022-03-04 13:14:22+00:00,https://twitter.com/netblocks/status/1499735002313015300,"âš ï¸ Confirmed: A significant telecoms disruption has been registered in #Kherson Oblast, southern #Ukraine, cutting off many residents from the internet. Fixed-line and mobile networks are affected at the present time.

ğŸ“° Background: https://t.co/S0qJQ7CbNv https://t.co/oML9R3PnSW"
2022-03-04 11:36:39+00:00,https://twitter.com/netblocks/status/1499710408801857536,"Metrics confirm that #Russia has expanded its restrictions on Facebook and several news websites including BBC.

Moscow put restrictions on access to Facebook and Twitter soon after it invaded Ukraine on February 24, and these are now in widespread effect.
https://t.co/odpS5yVG36"
2022-03-04 00:13:21+00:00,https://twitter.com/netblocks/status/1499538450634231810,"#Mariupol and #Sumy in Ukraine are experiencing widespread blackouts following attacks by Russian forces. Many residents are without access to power and communications, in what amounts to a developing humanitarian crisis.

ğŸ–‹ @jgreigj writes for @ZDNet 
https://t.co/xdkp6ZessJ"
2022-03-03 19:43:39+00:00,https://twitter.com/netblocks/status/1499470577890955265,"SpaceX #Starlink has reached #Ukraine and offers fast, reliable internet hotspots for dish owners.

But using satellite services can be dangerous in wartime with a risk of triangulation and targeting.

ğŸ–‹ @jackiewattles writes for @CNNBusiness

ğŸ“° https://t.co/JMUIUiqAno https://t.co/lMsar9RZxn"
2022-03-03 18:23:40+00:00,https://twitter.com/netblocks/status/1499450451779010571,"âš ï¸ Confirmed: A telecoms blackout has just been registered across #Sumy Oblast, north-eastern #Ukraine, as residents report massive blasts at the thermal power plant and electrical substation that turned the sky 'yellow and red' for miles.

ğŸ“° Background: https://t.co/S0qJQ7CbNv https://t.co/zNG42jfbIS"
2022-03-03 15:24:12+00:00,https://twitter.com/netblocks/status/1499405285433253889,"#Mariupol, Ukraine under siege: ""We are being completely cut off"" report citizens with no electricity, no water and faltering telecoms. Real-time network data show a collapse in connectivity.

ğŸ–‹@joelmgunter writes for @BBCNews: https://t.co/rdL4G0t2uN

ğŸ“°https://t.co/S0qJQ7CbNv https://t.co/JQV3RhJfap"
2022-03-03 12:54:06+00:00,https://twitter.com/netblocks/status/1499367511149760515,"â„¹ï¸ Update: #Russia state-aligned media apps RT and Sputnik have now been removed from the Google Play store for Android phones in the EU, UK and Ukraine. They remain available in the US, Australia and other countries.

ğŸ“° Background: https://t.co/PzFZ662LyN https://t.co/IxtAudA8f5"
2022-03-02 15:58:27+00:00,https://twitter.com/netblocks/status/1499051516354834436,"Is #Russia's leadership censoring news about the invasion of Ukraine? 

@IFEX's Regional Editor @CathalSheerin has this round-up of online and offline freedom of expression issues around a crisis whose coverage has varied greatly from country to country.
https://t.co/V6KiEacAGN"
2022-03-02 12:48:09+00:00,https://twitter.com/netblocks/status/1499003625116512258,"âš ï¸ Update: Internet disruptions are being registered on #Ukraine provider #Kyivstar, who report ~500 base stations disabled due to power and infrastructure damage; outages may limit coverage from #Melitopol and other cities resisting occupation

ğŸ“° Report: https://t.co/S0qJQ7CbNv https://t.co/C8uyUPNqMO"
2022-03-01 21:27:31+00:00,https://twitter.com/netblocks/status/1498771940487667714,"â„¹ï¸ Confirmed: App analytics data show that #Russia state-controlled media outlets RT and Sputnik have been removed from the #Apple App Store everywhere except Russia. The removals come amid a global backlash against the invasion of Ukraine.

ğŸ“° Background: https://t.co/PzFZ662LyN https://t.co/J2AisPln8Y"
2022-03-01 17:25:09+00:00,https://twitter.com/netblocks/status/1498710948282052617,"Could Russia shut down the internet in #Ukraine?

These are the three ways a digital blackout could be imposed by an invading force.

ğŸ–‹ @jimwaterson writes for @theguardian
https://t.co/7TAn2fHDnh"
2022-03-01 10:15:42+00:00,https://twitter.com/netblocks/status/1498602873084686338,"ğŸ›° SpaceX #Starlink has been activated in #Ukraine. The technology won't reconnect entire populations but it does give journalists, resistance groups and the elected government a fighting chance to stay online.

ğŸ–‹ @chelsea_gohd writes for @spacedotcom 
https://t.co/bpR4dxn4yd"
2022-03-01 01:55:17+00:00,https://twitter.com/netblocks/status/1498476938452688904,"âš ï¸ Update: Internet connectivity has collapsed in #Sievierodonetsk, the acting administrative centre of Luhansk Oblast, #Ukraine; friends and family report no contact with loved ones in recent hours ğŸ“‰

ğŸ“° Report: https://t.co/S0qJQ7CbNv https://t.co/cgRilctrsF"
2022-02-27 18:01:08+00:00,https://twitter.com/netblocks/status/1497995229424717828,"The digital landscape is shifting as the international community acts to sanction Russia for invading Ukraine.

â¡ï¸ Twitter/Facebook restricted in Russia
â¡ï¸ Cyberattacks on defence/banking sectors
â¡ï¸ State media apps barred
ğŸ“° https://t.co/PzFZ662LyN

Explainer thread by @joetidy:"
2022-02-27 14:28:48+00:00,https://twitter.com/netblocks/status/1497941791177416711,"âš ï¸ Confirmed: Facebook content servers are now restricted on #Russia's leading internet providers; the incident comes shortly after the restriction of Twitter as Russia clashes with social media companies over the invasion of Ukraine ğŸ“‰

ğŸ“° Report: https://t.co/PzFZ662LyN https://t.co/cOWMs731sO"
2022-02-26 22:44:53+00:00,https://twitter.com/netblocks/status/1497704249802645505,"â„¹ï¸Update: Tech entrepreneur @ElonMusk reports that the #Starlink satellite internet service is now active in #Ukraine and terminals are en route.

National telecoms infrastructure has been significantly disrupted by the Russian invasion.

ğŸ“° Background: https://t.co/S0qJQ7kAoV"
2022-02-26 15:28:51+00:00,https://twitter.com/netblocks/status/1497594515233951744,"âš ï¸ Confirmed: Various #Russia government websites including the Kremlin, State Duma and Ministry of Defense are again down, with real-time network data showing impact to FSO networks consistent with previous cyberattacks. The incident comes as Russia continues to invade Ukraine. https://t.co/BnCMVX8umE"
2022-02-26 10:45:15+00:00,https://twitter.com/netblocks/status/1497523148362862593,"âš ï¸ Confirmed: Live metrics show that Twitter has been restricted on multiple providers in #Russia as of 9:00 a.m. UTC; the incident comes as the government clashes with social media platforms over policy in relation to the #Ukraine conflict ğŸ“‰

ğŸ“° Report: https://t.co/ihPX8fb86s https://t.co/nGrcHzjIXd"
2022-02-26 03:13:37+00:00,https://twitter.com/netblocks/status/1497409488403505153,"âš ï¸ Confirmed: Real-time network data show a major disruption to #Ukraine's internet backbone provider GigaTrans, which supplies connectivity to many other networks. The incident comes as heavy fighting is reported in #Vasylkiv and #Kyiv ğŸ“‰

ğŸ“° Background: https://t.co/S0qJQ7CbNv https://t.co/EksnZjs9Ay"
2022-02-25 18:03:19+00:00,https://twitter.com/netblocks/status/1497271000693710850,"â„¹ï¸ Amid a spate of incidents surrounding the Ukraine/Russia crisis, NATO Secretary General Jens Stoltenberg has stated that cyberattacks can trigger Article 5, whereby an attack against one ally is considered as an attack against all allies.

ğŸ“° See also: https://t.co/wDrXAUbTdL"
2022-02-25 16:14:50+00:00,https://twitter.com/netblocks/status/1497243699666985000,"â„¹ï¸ Update: Internet is cut for many users in Kherson, southern #Ukraine, with network data showing two distinct collapses of connectivity on national provider Ukrtelecom.

Ukraine lost control of the city's crossing in recent hours after heavy bombardment by Russia #Ğ¥ĞµÑ€ÑĞ¾ÌĞ½ https://t.co/hbDKeZYwDz"
2022-02-25 14:32:23+00:00,https://twitter.com/netblocks/status/1497217920467877896,"â„¹ï¸ Update: Real-time network data show a significant decline in internet connectivity across #Kyiv, Ukraine since early Thursday, attributed to population exodus and the shuttering of businesses and homes as civilians seek shelter or flee.

ğŸ“° Previously: https://t.co/S0qJQ7CbNv https://t.co/GZNIyFslhC"
2022-02-24 17:48:30+00:00,https://twitter.com/netblocks/status/1496904885455007749,âš ï¸ Confirmed: Multiple government websites in #Russia including the Kremlin and the State Duma have fallen offline; the incident comes amid a spate of cyberattacks targeting neighboring Ukraine ğŸ“‰ https://t.co/K1pPQu7cHs
2022-02-24 13:01:16+00:00,https://twitter.com/netblocks/status/1496832598764834824,"âš ï¸ Update: #Ukraine's second-largest city #Kharkiv continues to take the brunt of network and telecoms disruptions, leaving many users cut off amid scenes of destruction as Russia targets the region. Kyiv is currently less impacted by outages.

ğŸ“° Report: https://t.co/S0qJQ7CJD3 https://t.co/FxgN1bHV3m"
2022-02-24 04:47:45+00:00,https://twitter.com/netblocks/status/1496708402755559424,"âš ï¸ Confirmed: Significant internet disruption registered in #Ukraine-controlled city of #Kharkiv shortly after huge explosions heard; users report loss of fixed-line service on provider Triolan while cellphones continue to work ğŸ“‰

ğŸ“° Live Report: https://t.co/S0qJQ7CbNv https://t.co/cVSJg2XtQf"
2022-02-23 20:46:10+00:00,https://twitter.com/netblocks/status/1496587206915411972,"#Ukraine has been hit by more cyber-attacks, which its government says are ""on a completely different level"".
https://t.co/hgYykZgYtK"
2022-02-23 19:59:06+00:00,https://twitter.com/netblocks/status/1496575364843380741,"âš ï¸ Confirmed: Amid reports of a power outage and increased military activity in Donetsk, #Ukraine, real-time network data show an observable disruption to internet connectivity ğŸ“‰ https://t.co/otKFt38vIH"
2022-02-23 16:11:06+00:00,https://twitter.com/netblocks/status/1496517984101220363,"âš ï¸ Update: #Ukraine's Center for Strategic Communications has issued a statement on today's DDOS attack:

â¡ï¸ Began at 16:00 local time
â¡ï¸ Traffic switched to another provider to lower impact
â¡ï¸ CERT-UA warns of further possible cyberattacks
â¡ï¸ Previous attack traced to Russia"
2022-02-23 15:28:40+00:00,https://twitter.com/netblocks/status/1496507307756339206,"âš ï¸ Update: PrivatBank, the largest commercial bank in #Ukraine and Oschadbank, the State Savings Bank of Ukraine, have again also been knocked out along with the defence and ministerial websites.

ğŸ“° Previously: https://t.co/wDrXAUbTdL https://t.co/GQqcvxBQGi"
2022-02-23 14:55:23+00:00,https://twitter.com/netblocks/status/1496498930925940738,"âš ï¸ Confirmed: #Ukraine's Ministry of Foreign Affairs, Ministry of Defense, Ministry of Internal Affairs, the Security Service of Ukraine and Cabinet of Ministers websites have just been impacted by network disruptions; the incident appears consistent with recent DDOS attacks ğŸ“‰ https://t.co/EVyy7mzZRr"
2022-02-20 14:32:59+00:00,https://twitter.com/netblocks/status/1495406130641747969,"â„¹ï¸ Note: This morning's internet disruption affecting Luhansk, #Ukraine has ended, and the post warning subscribers of disconnections due to the 'general mobilization' has been taken down from the provider's website. https://t.co/01aR1AVlEU"
2022-02-20 06:33:44+00:00,https://twitter.com/netblocks/status/1495285523811864576,"âš ï¸ Confirmed: At least two internet providers serving eastern #Ukraine via Crimea and Russia are now experiencing a partial loss of connectivity as of Sunday morning; the disruptions come as Luhansk provider Lugacom announces potential telecoms outages ğŸ“‰
https://t.co/Ac3hZr5NEW https://t.co/wkDFB8056T"
2022-02-20 05:58:46+00:00,https://twitter.com/netblocks/status/1495276725437145092,"â„¹ï¸ Note: Internet provider Lugacom, which supplies connectivity to Luhansk in eastern #Ukraine via Russia, has announced potential disruptions to mobile service in the region. https://t.co/3GdLGxarVd"
2022-02-18 21:32:50+00:00,https://twitter.com/netblocks/status/1494787014562140161,"â„¹ï¸ Update: The White House has attributed last week's cyberattacks on #Ukraine's banking and military infrastructure to the GRU, Russia's largest foreign-intelligence agency. The incident knocked out national banks and online defence sector platforms.
https://t.co/wDrXAUbTdL"
2022-02-18 12:11:52+00:00,https://twitter.com/netblocks/status/1494645841549791261,"â„¹ï¸ Update: #Ukraine's Adviser to the Minister of the Interior has supplied an update on yesterday's Luhansk/Donetsk telecoms disruption, blaming Russian involvement and citing 'purposeful sabotage' to interfere in the work of a mobile operator.

ğŸ“° Report: https://t.co/d8QWF8m0Kz https://t.co/bOs01TxxY8"
2022-02-17 23:12:07+00:00,https://twitter.com/netblocks/status/1494449612958097408,"âš ï¸ Confirmed: Real-time network data show a significant disruption to internet connectivity in #Luhansk, eastern #Ukraine, resulting in a loss of mobile service on operator Vodafone; incident root cause not yet determined ğŸ“‰

ğŸ“° Report: https://t.co/d8QWF8m0Kz https://t.co/7nr5RuTjHD"
2022-02-15 17:49:37+00:00,https://twitter.com/netblocks/status/1493643677532573696,"âš ï¸ Update: #Ukraine has been targeted by a series of DDOS attacks on banking and military services, bringing down PrivatBank and Oschadbank and sending defence sector platforms offline. The incident comes amid heightened tensions with #Russia.

ğŸ“° Report: https://t.co/wDrXAUbTdL https://t.co/PM3jG2PToM"
2022-02-15 16:59:43+00:00,https://twitter.com/netblocks/status/1493631119669047299,"âš ï¸ Confirmed: Real-time network data show a loss of connectivity to #Ukraine's State Savings Bank, impacting ATM and banking services; disruptions also reported on Ministry of Defence and Armed Forces networks; incident comes amid heightened tensions with Russia ğŸ“‰ https://t.co/QMbPPpCzaV"
